feature,importance,normalized_importance,cumulative_importance
BTC_T,1,1,1
BTC_H,1,1,1
BTC_S,1,1,1
BTC_D,1,1,1
DDR_C,1,1,1
DDR_D,1,1,1
DDR_E,1,1,1
DDR_G,1,1,1
DDR_H,1,1,1
DDR_N,1,1,1
DDR_Q,1,1,1
DDR_R,1,1,1
DDR_Y,1,1,1
QSO3_G1,1,1,1
QSO3_G2,1,1,1
QSO3_G3,1,1,1
CeTD_12_PO,1,1,1
CeTD_13_SA,1,1,1
CeTD_21_HB,1,1,1
CeTD_22_HB,1,1,1
CeTD_22_PZ,1,1,1
CeTD_22_SS,1,1,1
CeTD_22_SA,1,1,1
CeTD_23_VW,1,1,1
CeTD_32_HB,1,1,1
CeTD_32_SS,1,1,1
CeTD_33_VW,1,1,1
CeTD_33_PO,1,1,1
CeTD_100_p_VW1,1,1,1
CeTD_100_p_PO1,1,1,1
CeTD_100_p_CH1,1,1,1
CeTD_100_p_SS1,1,1,1
CeTD_100_p_PO3,1,1,1
